turbine_id,serial_no,site_id,model_id,commissioning_date
1,SZL-002021,108,7,2021-06-03
2,SZL-002022,96,15,2023-10-30
3,SZL-002023,43,5,2022-01-14
4,SZL-002024,85,11,2024-07-30
5,SZL-002025,214,8,2021-08-23
6,SZL-002026,43,13,2023-09-17
7,SZL-002027,154,9,2024-05-23
8,SZL-002028,245,2,2022-07-31
9,SZL-002029,13,6,2023-07-20
10,SZL-002030,63,3,2022-12-18
11,SZL-002031,158,11,2021-01-21
12,SZL-002032,75,12,2023-09-23
13,SZL-002033,270,13,2024-05-09
14,SZL-002034,154,15,2022-08-31
15,SZL-002035,271,6,2022-10-11
16,SZL-002036,206,6,2021-08-03
17,SZL-002037,269,7,2024-09-15
18,SZL-002038,120,15,2023-05-31
19,SZL-002039,231,12,2021-10-22
20,SZL-002040,245,15,2023-08-24
21,SZL-002041,285,13,2023-08-31
22,SZL-002042,144,13,2021-09-28
23,SZL-002043,169,13,2024-10-10
24,SZL-002044,81,2,2022-05-02
25,SZL-002045,260,8,2021-03-23
26,SZL-002046,36,6,2022-05-16
27,SZL-002047,41,8,2022-12-01
28,SZL-002048,60,4,2023-08-29
29,SZL-002049,286,15,2023-03-28
30,SZL-002050,12,14,2024-10-19
31,SZL-002051,84,7,2021-02-07
32,SZL-002052,241,12,2021-01-31
33,SZL-002053,211,7,2023-03-08
34,SZL-002054,66,13,2022-08-14
35,SZL-002055,253,3,2023-05-09
36,SZL-002056,94,15,2023-03-25
37,SZL-002057,216,2,2023-09-16
38,SZL-002058,31,6,2021-11-21
39,SZL-002059,1,9,2021-12-18
40,SZL-002060,154,12,2021-09-18
41,SZL-002061,213,5,2022-04-29
42,SZL-002062,174,10,2023-08-15
43,SZL-002063,59,9,2022-01-20
44,SZL-002064,84,15,2021-05-28
45,SZL-002065,124,7,2021-12-24
46,SZL-002066,236,8,2023-11-17
47,SZL-002067,117,14,2023-12-02
48,SZL-002068,100,15,2024-06-16
49,SZL-002069,178,1,2023-05-14
50,SZL-002070,208,6,2021-07-30
51,SZL-002071,170,13,2022-04-12
52,SZL-002072,137,1,2023-10-25
53,SZL-002073,260,12,2022-09-19
54,SZL-002074,14,8,2024-10-05
55,SZL-002075,26,4,2024-05-07
56,SZL-002076,171,3,2021-02-05
57,SZL-002077,124,9,2024-05-11
58,SZL-002078,266,7,2022-09-09
59,SZL-002079,280,12,2021-11-02
60,SZL-002080,205,11,2021-12-08
61,SZL-002081,294,5,2023-03-14
62,SZL-002082,149,11,2024-08-09
63,SZL-002083,118,6,2024-01-02
64,SZL-002084,286,14,2024-01-05
65,SZL-002085,211,12,2024-09-28
66,SZL-002086,4,9,2021-02-19
67,SZL-002087,174,6,2022-03-21
68,SZL-002088,268,11,2023-04-09
69,SZL-002089,265,2,2023-08-02
70,SZL-002090,47,4,2021-09-28
71,SZL-002091,164,10,2024-01-09
72,SZL-002092,133,15,2022-06-30
73,SZL-002093,47,1,2021-07-06
74,SZL-002094,134,7,2024-06-01
75,SZL-002095,38,4,2024-12-02
76,SZL-002096,9,7,2021-10-17
77,SZL-002097,161,15,2021-11-28
78,SZL-002098,112,7,2024-03-11
79,SZL-002099,296,2,2022-12-15
80,SZL-002100,226,1,2024-03-22
81,SZL-002101,73,8,2024-11-29
82,SZL-002102,191,15,2023-06-01
83,SZL-002103,64,11,2023-06-18
84,SZL-002104,94,2,2023-08-05
85,SZL-002105,174,12,2021-07-03
86,SZL-002106,162,13,2024-07-25
87,SZL-002107,282,4,2021-09-10
88,SZL-002108,173,7,2021-12-09
89,SZL-002109,31,3,2022-05-11
90,SZL-002110,222,1,2021-06-03
91,SZL-002111,80,14,2024-12-16
92,SZL-002112,133,1,2021-01-18
93,SZL-002113,258,7,2021-04-24
94,SZL-002114,251,8,2022-05-26
95,SZL-002115,136,4,2024-09-22
96,SZL-002116,237,3,2023-12-09
97,SZL-002117,54,7,2023-12-30
98,SZL-002118,11,11,2021-11-26
99,SZL-002119,210,8,2021-02-08
100,SZL-002120,229,4,2024-10-22
101,SZL-002121,252,3,2023-05-28
102,SZL-002122,109,10,2023-03-25
103,SZL-002123,89,10,2022-01-15
104,SZL-002124,273,15,2021-08-31
105,SZL-002125,219,14,2021-07-05
106,SZL-002126,222,15,2021-11-25
107,SZL-002127,175,12,2022-05-02
108,SZL-002128,72,6,2022-05-05
109,SZL-002129,218,6,2022-07-04
110,SZL-002130,284,9,2024-09-18
111,SZL-002131,214,14,2021-10-13
112,SZL-002132,282,15,2021-03-01
113,SZL-002133,107,7,2022-09-05
114,SZL-002134,234,11,2021-11-07
115,SZL-002135,183,15,2022-10-05
116,SZL-002136,279,10,2024-09-12
117,SZL-002137,271,1,2024-03-14
118,SZL-002138,57,13,2024-03-25
119,SZL-002139,78,1,2022-09-05
120,SZL-002140,91,9,2021-04-30
121,SZL-002141,14,7,2024-01-29
122,SZL-002142,95,5,2021-08-28
123,SZL-002143,85,5,2022-01-14
124,SZL-002144,104,5,2023-09-21
125,SZL-002145,102,12,2023-06-03
126,SZL-002146,193,9,2024-09-09
127,SZL-002147,77,15,2021-10-29
128,SZL-002148,42,13,2024-08-01
129,SZL-002149,28,9,2023-01-19
130,SZL-002150,67,8,2023-09-29
131,SZL-002151,173,8,2024-07-17
132,SZL-002152,68,10,2022-04-08
133,SZL-002153,293,4,2024-06-26
134,SZL-002154,190,4,2024-01-13
135,SZL-002155,73,4,2022-05-19
136,SZL-002156,205,6,2023-04-11
137,SZL-002157,166,3,2021-12-06
138,SZL-002158,93,4,2024-09-03
139,SZL-002159,115,7,2023-09-09
140,SZL-002160,237,11,2023-03-16
141,SZL-002161,293,14,2021-10-23
142,SZL-002162,49,6,2024-05-04
143,SZL-002163,290,11,2023-10-05
144,SZL-002164,71,9,2021-09-27
145,SZL-002165,162,3,2021-04-21
146,SZL-002166,291,14,2023-09-28
147,SZL-002167,188,4,2023-04-15
148,SZL-002168,225,9,2022-02-16
149,SZL-002169,118,13,2022-01-07
150,SZL-002170,289,12,2024-07-23
151,SZL-002171,153,4,2021-02-19
152,SZL-002172,161,6,2021-06-15
153,SZL-002173,279,15,2022-06-30
154,SZL-002174,201,7,2022-12-27
155,SZL-002175,188,7,2024-03-16
156,SZL-002176,57,11,2024-12-06
157,SZL-002177,256,1,2021-06-16
158,SZL-002178,189,14,2024-05-17
159,SZL-002179,272,3,2023-01-28
160,SZL-002180,218,10,2024-02-09
161,SZL-002181,64,7,2022-10-17
162,SZL-002182,282,4,2022-04-22
163,SZL-002183,7,3,2024-12-03
164,SZL-002184,255,4,2023-10-23
165,SZL-002185,178,14,2022-03-15
166,SZL-002186,299,6,2023-11-13
167,SZL-002187,120,11,2022-05-05
168,SZL-002188,253,10,2022-02-26
169,SZL-002189,289,11,2022-09-18
170,SZL-002190,41,15,2024-01-08
171,SZL-002191,201,13,2023-06-06
172,SZL-002192,70,4,2021-04-26
173,SZL-002193,19,11,2024-05-28
174,SZL-002194,50,9,2021-06-30
175,SZL-002195,125,12,2024-03-31
176,SZL-002196,285,5,2024-10-17
177,SZL-002197,236,6,2022-04-24
178,SZL-002198,33,14,2021-10-24
179,SZL-002199,81,7,2021-07-20
180,SZL-002200,242,11,2021-08-17
181,SZL-002201,49,1,2024-10-18
182,SZL-002202,131,10,2021-08-07
183,SZL-002203,70,9,2021-11-01
184,SZL-002204,184,14,2022-03-22
185,SZL-002205,183,14,2024-07-28
186,SZL-002206,3,2,2024-12-10
187,SZL-002207,278,5,2023-01-30
188,SZL-002208,172,11,2024-01-01
189,SZL-002209,112,14,2021-03-28
190,SZL-002210,10,15,2021-09-16
191,SZL-002211,299,5,2022-06-17
192,SZL-002212,9,15,2022-06-09
193,SZL-002213,51,8,2021-08-14
194,SZL-002214,237,2,2022-12-30
195,SZL-002215,118,1,2021-03-18
196,SZL-002216,156,6,2021-07-09
197,SZL-002217,42,13,2023-12-03
198,SZL-002218,183,13,2021-04-12
199,SZL-002219,207,12,2021-10-20
200,SZL-002220,161,12,2023-06-01
201,SZL-002221,75,10,2024-01-14
202,SZL-002222,3,9,2023-01-07
203,SZL-002223,111,1,2021-05-02
204,SZL-002224,226,13,2022-09-05
205,SZL-002225,282,14,2023-08-31
206,SZL-002226,175,15,2023-06-10
207,SZL-002227,281,15,2021-10-12
208,SZL-002228,199,11,2024-04-12
209,SZL-002229,105,13,2022-12-13
210,SZL-002230,117,3,2022-04-14
211,SZL-002231,293,11,2023-11-27
212,SZL-002232,269,5,2023-08-24
213,SZL-002233,112,13,2022-09-09
214,SZL-002234,257,12,2024-02-02
215,SZL-002235,278,12,2022-04-15
216,SZL-002236,157,8,2021-04-05
217,SZL-002237,178,7,2022-07-29
218,SZL-002238,33,8,2023-04-26
219,SZL-002239,32,10,2021-09-02
220,SZL-002240,44,7,2022-07-23
221,SZL-002241,275,2,2022-05-26
222,SZL-002242,221,4,2024-12-04
223,SZL-002243,223,15,2024-10-17
224,SZL-002244,33,7,2023-12-24
225,SZL-002245,3,7,2023-10-02
226,SZL-002246,238,7,2024-06-14
227,SZL-002247,203,1,2022-02-10
228,SZL-002248,282,1,2021-06-07
229,SZL-002249,104,15,2023-10-26
230,SZL-002250,45,6,2024-10-03
231,SZL-002251,66,9,2022-11-09
232,SZL-002252,229,12,2024-05-01
233,SZL-002253,36,7,2023-10-07
234,SZL-002254,126,11,2023-07-18
235,SZL-002255,112,2,2024-11-17
236,SZL-002256,248,14,2022-03-14
237,SZL-002257,95,5,2021-02-15
238,SZL-002258,51,5,2024-12-12
239,SZL-002259,62,8,2023-03-10
240,SZL-002260,108,14,2021-05-17
241,SZL-002261,262,12,2022-03-23
242,SZL-002262,231,7,2024-11-18
243,SZL-002263,11,1,2023-03-06
244,SZL-002264,280,1,2024-02-10
245,SZL-002265,282,8,2024-06-19
246,SZL-002266,228,4,2024-06-01
247,SZL-002267,210,1,2023-04-10
248,SZL-002268,197,13,2024-02-01
249,SZL-002269,143,5,2021-10-07
250,SZL-002270,27,10,2024-11-02
251,SZL-002271,25,11,2023-05-04
252,SZL-002272,52,4,2022-02-20
253,SZL-002273,206,5,2024-04-23
254,SZL-002274,111,2,2021-05-20
255,SZL-002275,121,7,2023-12-07
256,SZL-002276,144,3,2021-11-08
257,SZL-002277,170,6,2023-09-08
258,SZL-002278,277,6,2023-03-17
259,SZL-002279,250,4,2023-01-16
260,SZL-002280,92,10,2023-12-21
261,SZL-002281,43,3,2021-02-03
262,SZL-002282,4,1,2023-10-29
263,SZL-002283,272,7,2024-07-12
264,SZL-002284,219,13,2023-12-17
265,SZL-002285,60,8,2023-02-07
266,SZL-002286,193,12,2021-06-14
267,SZL-002287,203,13,2021-06-18
268,SZL-002288,125,14,2021-02-05
269,SZL-002289,49,13,2021-09-08
270,SZL-002290,211,14,2022-12-29
271,SZL-002291,146,7,2022-06-29
272,SZL-002292,115,9,2024-07-31
273,SZL-002293,295,13,2021-06-24
274,SZL-002294,93,12,2023-03-08
275,SZL-002295,101,5,2021-06-20
276,SZL-002296,100,7,2022-08-31
277,SZL-002297,165,5,2021-10-28
278,SZL-002298,267,7,2022-01-07
279,SZL-002299,191,9,2023-04-22
280,SZL-002300,67,11,2021-10-08
281,SZL-002301,251,7,2022-08-21
282,SZL-002302,117,7,2023-08-30
283,SZL-002303,150,2,2023-04-07
284,SZL-002304,81,2,2024-05-11
285,SZL-002305,94,9,2021-09-08
286,SZL-002306,102,6,2021-07-15
287,SZL-002307,293,5,2023-05-01
288,SZL-002308,170,7,2023-05-05
289,SZL-002309,170,2,2023-09-04
290,SZL-002310,35,7,2022-06-17
291,SZL-002311,135,2,2023-10-22
292,SZL-002312,126,1,2021-01-06
293,SZL-002313,163,10,2023-03-11
294,SZL-002314,217,12,2024-06-27
295,SZL-002315,295,14,2024-03-07
296,SZL-002316,130,8,2023-06-19
297,SZL-002317,51,11,2023-05-09
298,SZL-002318,157,13,2023-10-01
299,SZL-002319,280,15,2024-04-19
300,SZL-002320,90,3,2022-03-13
301,SZL-002321,214,13,2024-07-09
302,SZL-002322,206,11,2024-10-21
303,SZL-002323,206,3,2023-01-01
304,SZL-002324,108,10,2023-07-18
305,SZL-002325,89,5,2021-05-10
306,SZL-002326,88,13,2023-08-15
307,SZL-002327,283,14,2024-06-04
308,SZL-002328,54,6,2021-03-25
309,SZL-002329,29,4,2022-02-14
310,SZL-002330,5,13,2023-02-09
311,SZL-002331,197,10,2024-11-12
312,SZL-002332,45,6,2022-03-27
313,SZL-002333,166,8,2024-02-28
314,SZL-002334,169,4,2023-04-05
315,SZL-002335,290,9,2023-05-15
316,SZL-002336,53,1,2021-11-02
317,SZL-002337,8,7,2024-07-12
318,SZL-002338,135,10,2024-06-03
319,SZL-002339,229,10,2024-02-19
320,SZL-002340,85,7,2022-08-06
321,SZL-002341,240,7,2024-09-30
322,SZL-002342,56,3,2023-11-12
323,SZL-002343,230,11,2022-03-26
324,SZL-002344,3,5,2022-11-13
325,SZL-002345,124,14,2024-06-15
326,SZL-002346,233,1,2021-07-06
327,SZL-002347,131,10,2023-09-20
328,SZL-002348,89,2,2022-04-25
329,SZL-002349,238,15,2024-10-07
330,SZL-002350,178,2,2024-11-13
331,SZL-002351,46,5,2024-11-23
332,SZL-002352,152,3,2023-01-04
333,SZL-002353,24,5,2024-10-22
334,SZL-002354,90,14,2023-03-04
335,SZL-002355,197,11,2023-03-17
336,SZL-002356,11,14,2022-11-25
337,SZL-002357,197,9,2023-08-20
338,SZL-002358,107,13,2021-11-24
339,SZL-002359,196,9,2023-01-06
340,SZL-002360,7,6,2021-03-11
341,SZL-002361,151,11,2023-02-02
342,SZL-002362,228,6,2022-03-23
343,SZL-002363,135,4,2024-03-16
344,SZL-002364,243,7,2024-03-03
345,SZL-002365,8,3,2022-02-18
346,SZL-002366,117,4,2023-01-18
347,SZL-002367,239,7,2022-10-18
348,SZL-002368,18,5,2024-03-24
349,SZL-002369,244,2,2021-01-29
350,SZL-002370,250,3,2023-04-19
351,SZL-002371,249,12,2023-03-15
352,SZL-002372,113,12,2023-10-12
353,SZL-002373,252,8,2024-10-07
354,SZL-002374,231,1,2022-03-06
355,SZL-002375,240,2,2023-11-01
356,SZL-002376,103,4,2023-02-28
357,SZL-002377,280,14,2022-08-14
358,SZL-002378,2,14,2024-08-02
359,SZL-002379,182,10,2023-02-09
360,SZL-002380,4,3,2021-07-29
361,SZL-002381,275,1,2023-03-24
362,SZL-002382,109,1,2024-09-04
363,SZL-002383,6,13,2024-02-10
364,SZL-002384,239,3,2024-07-10
365,SZL-002385,180,7,2023-09-22
366,SZL-002386,103,5,2022-02-25
367,SZL-002387,171,10,2021-12-17
368,SZL-002388,74,15,2023-01-22
369,SZL-002389,259,5,2022-02-25
370,SZL-002390,85,8,2024-02-12
371,SZL-002391,151,5,2024-11-02
372,SZL-002392,172,6,2021-01-15
373,SZL-002393,169,10,2024-09-17
374,SZL-002394,70,3,2024-12-29
375,SZL-002395,166,1,2021-06-04
376,SZL-002396,143,10,2021-12-22
377,SZL-002397,110,12,2024-11-13
378,SZL-002398,148,7,2022-06-12
379,SZL-002399,41,1,2024-05-02
380,SZL-002400,12,13,2021-12-28
381,SZL-002401,209,15,2023-12-30
382,SZL-002402,219,4,2023-05-24
383,SZL-002403,193,7,2021-02-25
384,SZL-002404,274,3,2024-11-22
385,SZL-002405,280,1,2023-12-16
386,SZL-002406,191,4,2024-04-01
387,SZL-002407,34,4,2024-10-17
388,SZL-002408,223,2,2021-07-30
389,SZL-002409,78,2,2021-09-24
390,SZL-002410,172,1,2022-02-24
391,SZL-002411,95,15,2024-11-23
392,SZL-002412,254,6,2023-02-09
393,SZL-002413,152,13,2023-12-26
394,SZL-002414,272,9,2024-09-04
395,SZL-002415,224,12,2023-08-24
396,SZL-002416,101,10,2022-06-05
397,SZL-002417,195,4,2024-03-12
398,SZL-002418,172,11,2021-11-20
399,SZL-002419,238,13,2021-08-01
400,SZL-002420,106,11,2024-06-29
401,SZL-002421,222,8,2022-03-14
402,SZL-002422,273,14,2024-08-02
403,SZL-002423,92,7,2021-12-22
404,SZL-002424,287,14,2021-09-10
405,SZL-002425,75,9,2022-08-30
406,SZL-002426,138,6,2023-09-11
407,SZL-002427,270,14,2022-10-27
408,SZL-002428,249,11,2021-10-15
409,SZL-002429,239,6,2023-07-06
410,SZL-002430,217,15,2024-10-16
411,SZL-002431,241,8,2022-08-08
412,SZL-002432,133,15,2021-10-27
413,SZL-002433,158,11,2021-02-02
414,SZL-002434,191,4,2022-02-14
415,SZL-002435,187,1,2021-08-17
416,SZL-002436,137,9,2021-06-09
417,SZL-002437,109,5,2023-02-20
418,SZL-002438,91,1,2023-02-13
419,SZL-002439,255,9,2022-06-13
420,SZL-002440,145,3,2021-12-12
421,SZL-002441,132,9,2022-12-11
422,SZL-002442,289,10,2021-02-03
423,SZL-002443,158,9,2021-03-05
424,SZL-002444,116,14,2022-06-06
425,SZL-002445,137,4,2021-04-23
426,SZL-002446,96,12,2024-12-06
427,SZL-002447,199,13,2023-08-07
428,SZL-002448,198,7,2021-03-31
429,SZL-002449,124,13,2023-02-23
430,SZL-002450,229,1,2021-10-21
431,SZL-002451,90,6,2024-12-13
432,SZL-002452,139,10,2023-07-30
433,SZL-002453,126,15,2021-11-21
434,SZL-002454,11,12,2023-08-13
435,SZL-002455,79,14,2021-08-26
436,SZL-002456,76,3,2021-09-29
437,SZL-002457,219,11,2023-07-28
438,SZL-002458,259,2,2023-06-25
439,SZL-002459,35,15,2023-07-15
440,SZL-002460,228,9,2022-07-15
441,SZL-002461,206,13,2021-09-17
442,SZL-002462,262,11,2021-05-06
443,SZL-002463,281,3,2023-05-28
444,SZL-002464,39,3,2023-07-28
445,SZL-002465,204,11,2022-05-16
446,SZL-002466,247,1,2024-06-01
447,SZL-002467,91,10,2024-08-15
448,SZL-002468,77,7,2024-04-24
449,SZL-002469,260,4,2023-01-13
450,SZL-002470,100,8,2022-07-08
451,SZL-002471,2,14,2023-07-20
452,SZL-002472,139,2,2021-04-15
453,SZL-002473,144,10,2022-01-16
454,SZL-002474,224,6,2021-01-17
455,SZL-002475,162,3,2021-01-22
456,SZL-002476,40,5,2023-01-22
457,SZL-002477,297,4,2021-03-25
458,SZL-002478,58,5,2021-10-27
459,SZL-002479,97,15,2022-07-08
460,SZL-002480,191,11,2021-07-10
461,SZL-002481,75,7,2022-11-03
462,SZL-002482,4,10,2022-03-16
463,SZL-002483,97,10,2024-10-17
464,SZL-002484,260,15,2022-08-27
465,SZL-002485,36,4,2022-05-17
466,SZL-002486,91,4,2021-08-09
467,SZL-002487,57,10,2022-12-18
468,SZL-002488,12,9,2024-05-14
469,SZL-002489,128,5,2022-02-02
470,SZL-002490,114,5,2024-09-11
471,SZL-002491,298,6,2024-09-10
472,SZL-002492,257,2,2022-12-18
473,SZL-002493,197,7,2022-10-30
474,SZL-002494,149,11,2022-03-05
475,SZL-002495,180,4,2024-07-22
476,SZL-002496,26,2,2021-02-25
477,SZL-002497,105,10,2024-12-09
478,SZL-002498,137,3,2022-06-22
479,SZL-002499,39,8,2023-12-01
480,SZL-002500,11,12,2021-11-30
481,SZL-002501,202,13,2024-02-08
482,SZL-002502,201,11,2021-10-01
483,SZL-002503,41,6,2023-06-08
484,SZL-002504,186,12,2022-03-27
485,SZL-002505,260,7,2021-12-26
486,SZL-002506,221,2,2022-08-15
487,SZL-002507,235,12,2022-01-10
488,SZL-002508,50,1,2021-05-11
489,SZL-002509,248,12,2023-01-09
490,SZL-002510,172,5,2021-10-08
491,SZL-002511,4,11,2021-02-21
492,SZL-002512,32,12,2023-05-01
493,SZL-002513,147,4,2021-08-07
494,SZL-002514,140,6,2023-02-19
495,SZL-002515,50,4,2021-06-14
496,SZL-002516,128,5,2021-11-23
497,SZL-002517,165,8,2021-11-03
498,SZL-002518,210,6,2022-05-14
499,SZL-002519,144,3,2022-09-06
500,SZL-002520,175,2,2023-04-05
501,SZL-002521,12,10,2021-02-21
502,SZL-002522,53,6,2023-06-17
503,SZL-002523,216,8,2021-07-11
504,SZL-002524,117,12,2021-05-12
505,SZL-002525,215,6,2021-01-06
506,SZL-002526,209,1,2022-06-24
507,SZL-002527,59,9,2021-03-23
508,SZL-002528,28,8,2024-12-22
509,SZL-002529,12,7,2024-03-17
510,SZL-002530,88,8,2024-05-09
511,SZL-002531,219,5,2024-01-02
512,SZL-002532,203,8,2022-10-07
513,SZL-002533,278,14,2024-12-16
514,SZL-002534,203,6,2021-06-10
515,SZL-002535,38,15,2022-06-15
516,SZL-002536,34,4,2021-01-31
517,SZL-002537,160,9,2022-07-07
518,SZL-002538,224,8,2024-11-02
519,SZL-002539,229,2,2022-02-05
520,SZL-002540,227,9,2024-01-05
521,SZL-002541,101,1,2024-02-21
522,SZL-002542,236,10,2022-08-14
523,SZL-002543,3,11,2023-08-22
524,SZL-002544,201,3,2023-12-04
525,SZL-002545,218,13,2023-04-09
526,SZL-002546,220,7,2023-10-15
527,SZL-002547,209,12,2024-06-04
528,SZL-002548,1,12,2024-03-03
529,SZL-002549,164,8,2023-11-22
530,SZL-002550,137,7,2024-03-18
531,SZL-002551,237,4,2024-04-25
532,SZL-002552,98,3,2024-07-06
533,SZL-002553,72,4,2022-01-30
534,SZL-002554,148,3,2021-08-21
535,SZL-002555,118,4,2021-10-09
536,SZL-002556,274,9,2021-01-21
537,SZL-002557,31,13,2022-01-30
538,SZL-002558,46,10,2024-05-08
539,SZL-002559,120,12,2022-09-08
540,SZL-002560,33,12,2024-09-03
541,SZL-002561,296,2,2023-04-05
542,SZL-002562,188,2,2024-10-21
543,SZL-002563,31,5,2024-11-15
544,SZL-002564,167,11,2022-12-22
545,SZL-002565,226,2,2023-09-14
546,SZL-002566,20,3,2023-01-10
547,SZL-002567,135,3,2024-03-11
548,SZL-002568,91,13,2021-01-22
549,SZL-002569,72,5,2023-05-21
550,SZL-002570,121,3,2023-04-14
551,SZL-002571,288,3,2022-01-04
552,SZL-002572,144,11,2021-07-19
553,SZL-002573,70,4,2023-06-19
554,SZL-002574,25,10,2022-09-14
555,SZL-002575,99,13,2024-04-10
556,SZL-002576,241,14,2021-12-08
557,SZL-002577,257,3,2022-04-28
558,SZL-002578,167,12,2023-04-24
559,SZL-002579,168,6,2023-05-16
560,SZL-002580,143,8,2023-05-06
561,SZL-002581,181,5,2021-07-18
562,SZL-002582,90,7,2021-08-23
563,SZL-002583,54,15,2022-02-13
564,SZL-002584,222,2,2024-11-20
565,SZL-002585,64,6,2024-02-16
566,SZL-002586,61,9,2024-02-21
567,SZL-002587,8,1,2024-02-26
568,SZL-002588,79,14,2024-09-15
569,SZL-002589,265,15,2024-04-16
570,SZL-002590,116,15,2022-05-20
571,SZL-002591,176,1,2024-11-06
572,SZL-002592,178,15,2022-05-31
573,SZL-002593,94,8,2024-06-14
574,SZL-002594,165,12,2021-11-10
575,SZL-002595,233,11,2024-08-01
576,SZL-002596,18,6,2021-05-10
577,SZL-002597,121,12,2023-07-24
578,SZL-002598,226,12,2024-12-19
579,SZL-002599,264,9,2024-07-02
580,SZL-002600,15,11,2023-02-02
581,SZL-002601,288,8,2021-09-18
582,SZL-002602,218,15,2021-01-24
583,SZL-002603,20,10,2023-03-23
584,SZL-002604,165,2,2023-04-16
585,SZL-002605,171,13,2022-07-24
586,SZL-002606,105,2,2023-04-08
587,SZL-002607,195,5,2023-12-04
588,SZL-002608,282,3,2023-04-17
589,SZL-002609,209,1,2021-09-19
590,SZL-002610,119,3,2022-06-04
591,SZL-002611,45,14,2023-05-25
592,SZL-002612,99,12,2021-01-27
593,SZL-002613,180,11,2024-03-27
594,SZL-002614,67,9,2024-01-26
595,SZL-002615,240,3,2024-11-26
596,SZL-002616,83,6,2021-10-08
597,SZL-002617,45,4,2021-07-17
598,SZL-002618,220,9,2022-07-24
599,SZL-002619,165,10,2021-09-26
600,SZL-002620,90,14,2021-01-18
601,SZL-002621,288,15,2022-01-05
602,SZL-002622,97,4,2023-03-30
603,SZL-002623,65,12,2022-07-20
604,SZL-002624,291,13,2022-08-09
605,SZL-002625,179,1,2021-04-09
606,SZL-002626,152,8,2022-08-05
607,SZL-002627,28,13,2022-08-17
608,SZL-002628,142,7,2022-12-28
609,SZL-002629,195,12,2023-03-14
610,SZL-002630,50,14,2022-02-20
611,SZL-002631,5,1,2024-02-05
612,SZL-002632,117,1,2024-03-30
613,SZL-002633,92,15,2024-07-08
614,SZL-002634,15,11,2023-05-31
615,SZL-002635,52,6,2022-12-18
616,SZL-002636,44,11,2022-02-09
617,SZL-002637,282,13,2023-07-16
618,SZL-002638,36,1,2021-08-02
619,SZL-002639,150,12,2021-08-12
620,SZL-002640,213,1,2022-01-23
621,SZL-002641,180,13,2024-02-09
622,SZL-002642,160,1,2022-03-05
623,SZL-002643,236,2,2023-10-29
624,SZL-002644,212,12,2021-11-14
625,SZL-002645,74,3,2022-07-29
626,SZL-002646,158,2,2023-04-09
627,SZL-002647,72,9,2022-03-19
628,SZL-002648,287,5,2024-06-26
629,SZL-002649,53,2,2021-10-03
630,SZL-002650,126,14,2021-09-15
631,SZL-002651,236,11,2022-05-18
632,SZL-002652,101,15,2023-11-10
633,SZL-002653,72,14,2022-08-17
634,SZL-002654,24,13,2024-06-22
635,SZL-002655,133,11,2021-12-09
636,SZL-002656,256,6,2022-01-26
637,SZL-002657,151,5,2023-06-26
638,SZL-002658,225,7,2024-02-18
639,SZL-002659,130,15,2022-01-21
640,SZL-002660,212,9,2024-10-09
641,SZL-002661,66,3,2024-06-20
642,SZL-002662,271,12,2022-11-25
643,SZL-002663,124,10,2023-12-27
644,SZL-002664,83,1,2021-04-18
645,SZL-002665,104,11,2022-10-05
646,SZL-002666,186,8,2022-01-03
647,SZL-002667,225,11,2024-11-06
648,SZL-002668,248,6,2023-10-26
649,SZL-002669,106,14,2023-06-11
650,SZL-002670,251,5,2021-01-22
651,SZL-002671,43,8,2024-11-04
652,SZL-002672,189,13,2022-11-17
653,SZL-002673,288,15,2021-11-15
654,SZL-002674,259,1,2023-05-16
655,SZL-002675,132,5,2024-09-25
656,SZL-002676,199,3,2021-07-23
657,SZL-002677,36,5,2021-04-11
658,SZL-002678,80,12,2024-06-29
659,SZL-002679,236,8,2023-10-13
660,SZL-002680,284,1,2024-08-13
661,SZL-002681,217,6,2022-10-17
662,SZL-002682,132,3,2021-12-03
663,SZL-002683,89,1,2023-01-02
664,SZL-002684,143,5,2021-09-15
665,SZL-002685,291,11,2022-11-25
666,SZL-002686,217,6,2021-11-11
667,SZL-002687,202,12,2023-08-08
668,SZL-002688,170,1,2023-07-21
669,SZL-002689,186,7,2021-12-22
670,SZL-002690,294,6,2022-02-02
671,SZL-002691,212,8,2023-03-25
672,SZL-002692,195,6,2021-08-11
673,SZL-002693,51,15,2023-01-09
674,SZL-002694,126,5,2023-11-20
675,SZL-002695,274,12,2023-02-20
676,SZL-002696,143,13,2024-06-04
677,SZL-002697,118,15,2024-04-23
678,SZL-002698,254,1,2021-07-09
679,SZL-002699,90,12,2021-04-25
680,SZL-002700,25,1,2021-10-08
681,SZL-002701,276,11,2023-11-13
682,SZL-002702,88,10,2024-02-12
683,SZL-002703,160,13,2023-04-12
684,SZL-002704,98,10,2024-10-08
685,SZL-002705,248,8,2023-05-22
686,SZL-002706,293,12,2023-01-04
687,SZL-002707,85,14,2024-11-27
688,SZL-002708,22,1,2021-06-18
689,SZL-002709,116,3,2024-07-11
690,SZL-002710,275,3,2024-04-25
691,SZL-002711,43,12,2022-06-18
692,SZL-002712,13,7,2024-04-16
693,SZL-002713,281,2,2024-05-05
694,SZL-002714,88,7,2021-06-08
695,SZL-002715,292,12,2023-07-27
696,SZL-002716,219,14,2021-07-29
697,SZL-002717,74,1,2022-12-15
698,SZL-002718,149,1,2023-08-24
699,SZL-002719,3,12,2023-10-27
700,SZL-002720,245,2,2024-06-24
701,SZL-002721,165,13,2023-10-14
702,SZL-002722,197,1,2023-10-08
703,SZL-002723,135,13,2023-09-26
704,SZL-002724,23,14,2021-04-02
705,SZL-002725,90,4,2024-11-23
706,SZL-002726,46,13,2021-11-21
707,SZL-002727,196,2,2022-07-27
708,SZL-002728,187,11,2024-06-27
709,SZL-002729,245,8,2022-03-19
710,SZL-002730,79,15,2023-06-08
711,SZL-002731,273,7,2022-12-10
712,SZL-002732,248,11,2021-10-21
713,SZL-002733,158,4,2024-01-16
714,SZL-002734,9,13,2024-09-18
715,SZL-002735,7,10,2021-04-26
716,SZL-002736,109,6,2023-01-29
717,SZL-002737,276,7,2022-08-05
718,SZL-002738,28,14,2022-04-05
719,SZL-002739,139,2,2022-02-26
720,SZL-002740,167,14,2022-04-26
721,SZL-002741,169,14,2022-06-11
722,SZL-002742,89,1,2024-08-18
723,SZL-002743,34,4,2021-07-23
724,SZL-002744,213,6,2023-10-27
725,SZL-002745,183,1,2022-03-26
726,SZL-002746,2,1,2022-11-22
727,SZL-002747,80,2,2022-08-20
728,SZL-002748,136,15,2023-08-24
729,SZL-002749,118,8,2021-05-11
730,SZL-002750,116,9,2021-01-31
731,SZL-002751,276,8,2024-02-23
732,SZL-002752,83,13,2022-06-20
733,SZL-002753,279,8,2023-07-19
734,SZL-002754,62,15,2021-10-09
735,SZL-002755,10,7,2024-05-03
736,SZL-002756,277,13,2023-03-19
737,SZL-002757,276,8,2022-11-30
738,SZL-002758,55,12,2022-04-07
739,SZL-002759,59,6,2023-05-31
740,SZL-002760,82,6,2022-04-27
741,SZL-002761,179,11,2023-09-14
742,SZL-002762,43,6,2023-08-05
743,SZL-002763,65,2,2022-04-15
744,SZL-002764,204,10,2021-07-09
745,SZL-002765,204,3,2023-12-19
746,SZL-002766,170,2,2022-05-27
747,SZL-002767,246,7,2023-10-02
748,SZL-002768,225,1,2024-09-21
749,SZL-002769,101,12,2022-11-13
750,SZL-002770,174,6,2024-05-30
751,SZL-002771,36,14,2021-10-30
752,SZL-002772,265,1,2021-01-21
753,SZL-002773,28,9,2022-01-24
754,SZL-002774,180,13,2021-02-09
755,SZL-002775,158,12,2022-09-12
756,SZL-002776,278,10,2021-02-20
757,SZL-002777,163,6,2021-07-12
758,SZL-002778,286,4,2021-05-02
759,SZL-002779,67,13,2023-05-26
760,SZL-002780,246,7,2021-06-20
761,SZL-002781,117,3,2023-03-24
762,SZL-002782,81,15,2022-07-05
763,SZL-002783,95,15,2023-01-30
764,SZL-002784,52,8,2022-01-07
765,SZL-002785,215,9,2023-12-03
766,SZL-002786,283,11,2022-05-13
767,SZL-002787,61,8,2022-10-18
768,SZL-002788,94,13,2024-08-20
769,SZL-002789,115,11,2024-12-08
770,SZL-002790,4,6,2023-12-14
771,SZL-002791,150,12,2022-11-24
772,SZL-002792,20,7,2022-08-14
773,SZL-002793,254,3,2021-08-15
774,SZL-002794,43,9,2024-12-24
775,SZL-002795,186,13,2024-05-27
776,SZL-002796,181,10,2021-12-21
777,SZL-002797,289,12,2024-06-27
778,SZL-002798,296,6,2021-07-29
779,SZL-002799,258,8,2024-10-31
780,SZL-002800,209,4,2022-06-03
781,SZL-002801,184,6,2022-02-16
782,SZL-002802,63,10,2021-02-21
783,SZL-002803,29,1,2023-12-08
784,SZL-002804,9,7,2021-06-27
785,SZL-002805,177,1,2021-02-07
786,SZL-002806,124,11,2021-06-10
787,SZL-002807,149,13,2023-07-02
788,SZL-002808,226,5,2024-10-07
789,SZL-002809,44,10,2022-09-28
790,SZL-002810,10,15,2023-10-23
791,SZL-002811,69,1,2023-09-14
792,SZL-002812,164,1,2024-12-10
793,SZL-002813,216,7,2021-12-15
794,SZL-002814,82,7,2021-03-25
795,SZL-002815,111,4,2021-06-14
796,SZL-002816,38,6,2022-07-13
797,SZL-002817,106,11,2023-02-02
798,SZL-002818,58,15,2023-12-02
799,SZL-002819,142,1,2024-08-28
800,SZL-002820,224,7,2021-08-25
801,SZL-002821,33,5,2021-12-03
802,SZL-002822,63,7,2021-03-10
803,SZL-002823,98,14,2024-06-18
804,SZL-002824,3,11,2024-12-17
805,SZL-002825,174,6,2022-12-19
806,SZL-002826,64,6,2024-09-29
807,SZL-002827,184,7,2021-07-01
808,SZL-002828,272,3,2023-11-20
809,SZL-002829,91,5,2021-09-07
810,SZL-002830,113,11,2022-09-01
811,SZL-002831,8,4,2021-08-22
812,SZL-002832,121,14,2024-11-06
813,SZL-002833,300,2,2022-12-13
814,SZL-002834,14,8,2023-04-22
815,SZL-002835,233,6,2021-02-22
816,SZL-002836,137,7,2023-07-01
817,SZL-002837,30,10,2022-08-09
818,SZL-002838,222,15,2021-11-29
819,SZL-002839,227,2,2024-12-09
820,SZL-002840,145,12,2024-02-10
821,SZL-002841,183,6,2024-01-07
822,SZL-002842,143,10,2023-06-15
823,SZL-002843,140,2,2022-03-04
824,SZL-002844,282,8,2023-07-18
825,SZL-002845,78,11,2022-12-12
826,SZL-002846,66,3,2022-07-31
827,SZL-002847,170,5,2021-12-25
828,SZL-002848,81,5,2023-12-15
829,SZL-002849,150,8,2021-08-26
830,SZL-002850,164,15,2023-12-25
831,SZL-002851,135,5,2022-05-30
832,SZL-002852,9,1,2024-02-08
833,SZL-002853,253,15,2023-07-03
834,SZL-002854,279,7,2022-01-06
835,SZL-002855,74,4,2023-12-24
836,SZL-002856,3,15,2024-02-06
837,SZL-002857,115,11,2021-07-16
838,SZL-002858,130,2,2021-06-13
839,SZL-002859,2,12,2023-12-23
840,SZL-002860,268,15,2024-11-09
841,SZL-002861,298,1,2024-02-19
842,SZL-002862,217,3,2021-07-19
843,SZL-002863,294,14,2022-04-24
844,SZL-002864,23,6,2021-01-08
845,SZL-002865,207,6,2021-03-13
846,SZL-002866,294,13,2024-08-13
847,SZL-002867,300,1,2024-02-06
848,SZL-002868,237,12,2022-01-22
849,SZL-002869,118,14,2021-04-07
850,SZL-002870,193,12,2024-03-11
851,SZL-002871,180,12,2024-08-20
852,SZL-002872,230,2,2021-12-24
853,SZL-002873,92,6,2022-06-11
854,SZL-002874,66,11,2021-06-10
855,SZL-002875,237,10,2024-11-04
856,SZL-002876,2,5,2024-08-04
857,SZL-002877,149,9,2021-02-12
858,SZL-002878,229,4,2024-11-07
859,SZL-002879,113,3,2023-05-17
860,SZL-002880,144,8,2024-10-18
861,SZL-002881,110,6,2023-07-01
862,SZL-002882,52,13,2021-12-02
863,SZL-002883,73,1,2022-05-16
864,SZL-002884,175,11,2024-08-04
865,SZL-002885,234,5,2024-04-20
866,SZL-002886,59,4,2022-06-07
867,SZL-002887,162,4,2024-08-07
868,SZL-002888,82,6,2023-06-03
869,SZL-002889,129,7,2024-12-08
870,SZL-002890,131,2,2023-12-03
871,SZL-002891,212,4,2024-05-26
872,SZL-002892,118,3,2021-09-09
873,SZL-002893,215,4,2022-11-17
874,SZL-002894,221,13,2022-12-16
875,SZL-002895,273,5,2024-06-27
876,SZL-002896,76,1,2023-11-25
877,SZL-002897,228,14,2024-09-07
878,SZL-002898,31,10,2023-10-26
879,SZL-002899,181,1,2021-03-07
880,SZL-002900,202,13,2021-09-19
881,SZL-002901,14,7,2022-04-03
882,SZL-002902,295,14,2023-03-26
883,SZL-002903,285,4,2024-12-19
884,SZL-002904,135,8,2021-03-15
885,SZL-002905,54,3,2022-12-14
886,SZL-002906,57,2,2023-06-03
887,SZL-002907,262,2,2023-03-30
888,SZL-002908,289,7,2021-09-25
889,SZL-002909,24,15,2022-08-15
890,SZL-002910,32,13,2024-03-16
891,SZL-002911,212,2,2021-05-01
892,SZL-002912,66,3,2023-02-16
893,SZL-002913,118,12,2021-05-29
894,SZL-002914,219,15,2021-07-10
895,SZL-002915,196,8,2021-05-19
896,SZL-002916,88,12,2024-06-22
897,SZL-002917,111,2,2021-12-24
898,SZL-002918,254,9,2022-09-21
899,SZL-002919,5,12,2022-11-11
900,SZL-002920,164,13,2023-04-02
901,SZL-002921,279,9,2022-05-16
902,SZL-002922,277,10,2024-01-16
903,SZL-002923,69,11,2023-03-29
904,SZL-002924,32,4,2024-08-24
905,SZL-002925,172,12,2021-09-08
906,SZL-002926,66,15,2022-09-06
907,SZL-002927,267,13,2022-05-07
908,SZL-002928,285,12,2021-07-06
909,SZL-002929,29,2,2023-12-17
910,SZL-002930,43,5,2022-09-27
911,SZL-002931,41,5,2023-09-18
912,SZL-002932,292,8,2023-12-27
913,SZL-002933,160,7,2023-01-30
914,SZL-002934,288,1,2023-01-20
915,SZL-002935,16,14,2023-05-28
916,SZL-002936,15,10,2022-09-29
917,SZL-002937,15,15,2022-07-07
918,SZL-002938,8,10,2022-07-02
919,SZL-002939,198,3,2024-04-24
920,SZL-002940,127,7,2024-03-19
921,SZL-002941,165,1,2023-04-25
922,SZL-002942,194,5,2021-09-21
923,SZL-002943,17,13,2021-01-07
924,SZL-002944,176,13,2022-05-30
925,SZL-002945,61,11,2023-07-10
926,SZL-002946,5,9,2021-01-01
927,SZL-002947,120,5,2024-05-01
928,SZL-002948,294,11,2023-12-09
929,SZL-002949,7,1,2024-02-08
930,SZL-002950,129,8,2023-10-08
931,SZL-002951,105,11,2023-11-28
932,SZL-002952,73,11,2021-09-05
933,SZL-002953,94,12,2024-12-06
934,SZL-002954,20,10,2023-04-12
935,SZL-002955,182,12,2021-04-13
936,SZL-002956,222,5,2021-08-14
937,SZL-002957,135,1,2023-07-10
938,SZL-002958,170,8,2021-02-14
939,SZL-002959,229,1,2022-01-19
940,SZL-002960,119,11,2022-08-19
941,SZL-002961,245,15,2024-01-22
942,SZL-002962,12,12,2021-10-29
943,SZL-002963,267,15,2021-05-03
944,SZL-002964,30,11,2021-07-29
945,SZL-002965,291,9,2023-04-18
946,SZL-002966,259,4,2023-03-23
947,SZL-002967,300,1,2021-09-13
948,SZL-002968,44,6,2021-07-09
949,SZL-002969,52,13,2022-11-10
950,SZL-002970,108,7,2024-11-18
951,SZL-002971,148,8,2024-09-16
952,SZL-002972,12,8,2023-12-29
953,SZL-002973,155,14,2024-07-18
954,SZL-002974,101,13,2021-12-23
955,SZL-002975,72,15,2021-01-19
956,SZL-002976,106,10,2022-08-27
957,SZL-002977,254,4,2023-03-19
958,SZL-002978,38,4,2021-09-11
959,SZL-002979,223,4,2023-09-05
960,SZL-002980,104,9,2024-06-29
961,SZL-002981,260,1,2024-02-19
962,SZL-002982,287,11,2021-10-01
963,SZL-002983,200,10,2023-08-25
964,SZL-002984,129,8,2023-08-10
965,SZL-002985,140,12,2023-11-03
966,SZL-002986,91,10,2024-01-10
967,SZL-002987,147,11,2021-07-04
968,SZL-002988,116,11,2024-07-30
969,SZL-002989,194,10,2022-05-15
970,SZL-002990,211,6,2021-03-18
971,SZL-002991,75,10,2024-11-05
972,SZL-002992,149,13,2024-02-10
973,SZL-002993,169,13,2022-08-10
974,SZL-002994,133,12,2023-07-22
975,SZL-002995,159,7,2024-11-25
976,SZL-002996,20,1,2022-12-01
977,SZL-002997,11,6,2023-04-11
978,SZL-002998,122,4,2022-02-20
979,SZL-002999,182,15,2024-02-15
980,SZL-003000,165,3,2021-12-21
981,SZL-003001,133,4,2023-10-03
982,SZL-003002,110,13,2022-01-28
983,SZL-003003,149,11,2021-10-28
984,SZL-003004,229,9,2023-08-04
985,SZL-003005,137,15,2024-02-02
986,SZL-003006,58,9,2024-08-11
987,SZL-003007,84,9,2024-01-07
988,SZL-003008,82,8,2023-03-19
989,SZL-003009,54,3,2023-04-03
990,SZL-003010,54,15,2023-02-04
991,SZL-003011,212,6,2022-03-13
992,SZL-003012,146,11,2022-08-04
993,SZL-003013,85,3,2023-03-04
994,SZL-003014,204,8,2022-01-08
995,SZL-003015,75,6,2022-05-23
996,SZL-003016,62,15,2022-04-27
997,SZL-003017,76,10,2024-03-15
998,SZL-003018,140,11,2021-05-19
999,SZL-003019,160,1,2021-07-20
1000,SZL-003020,178,4,2021-02-23
