technician_id,tech_name,region,skill_level
1,Technician_0001,West,Mid
2,Technician_0002,North,Senior
3,Technician_0003,Central,Junior
4,Technician_0004,West,Junior
5,Technician_0005,North,Senior
6,Technician_0006,North,Junior
7,Technician_0007,North,Mid
8,Technician_0008,Central,Junior
9,Technician_0009,South,Mid
10,Technician_0010,Central,Junior
11,Technician_0011,West,Junior
12,Technician_0012,Central,Senior
13,Technician_0013,North,Mid
14,Technician_0014,Central,Mid
15,Technician_0015,East,Mid
16,Technician_0016,Central,Mid
17,Technician_0017,Central,Senior
18,Technician_0018,West,Mid
19,Technician_0019,East,Mid
20,Technician_0020,Central,Mid
21,Technician_0021,East,Senior
22,Technician_0022,East,Mid
23,Technician_0023,Central,Senior
24,Technician_0024,West,Mid
25,Technician_0025,Central,Junior
26,Technician_0026,West,Junior
27,Technician_0027,West,Junior
28,Technician_0028,East,Junior
29,Technician_0029,Central,Mid
30,Technician_0030,East,Mid
31,Technician_0031,East,Junior
32,Technician_0032,Central,Mid
33,Technician_0033,South,Mid
34,Technician_0034,East,Mid
35,Technician_0035,West,Junior
36,Technician_0036,West,Mid
37,Technician_0037,South,Mid
38,Technician_0038,West,Junior
39,Technician_0039,Central,Senior
40,Technician_0040,Central,Mid
41,Technician_0041,Central,Mid
42,Technician_0042,Central,Senior
43,Technician_0043,West,Mid
44,Technician_0044,Central,Mid
45,Technician_0045,West,Junior
46,Technician_0046,Central,Mid
47,Technician_0047,South,Junior
48,Technician_0048,South,Mid
49,Technician_0049,Central,Mid
50,Technician_0050,West,Senior
51,Technician_0051,East,Mid
52,Technician_0052,West,Mid
53,Technician_0053,Central,Senior
54,Technician_0054,North,Mid
55,Technician_0055,North,Junior
56,Technician_0056,West,Senior
57,Technician_0057,Central,Mid
58,Technician_0058,South,Mid
59,Technician_0059,South,Mid
60,Technician_0060,North,Mid
61,Technician_0061,East,Mid
62,Technician_0062,South,Senior
63,Technician_0063,West,Junior
64,Technician_0064,West,Junior
65,Technician_0065,East,Junior
66,Technician_0066,West,Mid
67,Technician_0067,West,Mid
68,Technician_0068,West,Mid
69,Technician_0069,South,Mid
70,Technician_0070,North,Junior
71,Technician_0071,West,Mid
72,Technician_0072,Central,Mid
73,Technician_0073,East,Junior
74,Technician_0074,East,Junior
75,Technician_0075,Central,Mid
76,Technician_0076,East,Mid
77,Technician_0077,West,Mid
78,Technician_0078,North,Junior
79,Technician_0079,East,Mid
80,Technician_0080,East,Mid
81,Technician_0081,West,Junior
82,Technician_0082,East,Mid
83,Technician_0083,West,Junior
84,Technician_0084,Central,Senior
85,Technician_0085,North,Senior
86,Technician_0086,North,Mid
87,Technician_0087,Central,Mid
88,Technician_0088,Central,Junior
89,Technician_0089,East,Mid
90,Technician_0090,South,Senior
91,Technician_0091,West,Mid
92,Technician_0092,Central,Mid
93,Technician_0093,South,Junior
94,Technician_0094,Central,Mid
95,Technician_0095,North,Mid
96,Technician_0096,West,Junior
97,Technician_0097,South,Mid
98,Technician_0098,Central,Junior
99,Technician_0099,North,Senior
100,Technician_0100,South,Mid
101,Technician_0101,South,Senior
102,Technician_0102,North,Senior
103,Technician_0103,North,Mid
104,Technician_0104,Central,Junior
105,Technician_0105,East,Junior
106,Technician_0106,West,Junior
107,Technician_0107,South,Junior
108,Technician_0108,West,Mid
109,Technician_0109,South,Junior
110,Technician_0110,East,Senior
111,Technician_0111,East,Mid
112,Technician_0112,East,Mid
113,Technician_0113,East,Junior
114,Technician_0114,West,Senior
115,Technician_0115,North,Mid
116,Technician_0116,Central,Senior
117,Technician_0117,East,Junior
118,Technician_0118,East,Mid
119,Technician_0119,North,Junior
120,Technician_0120,Central,Senior
121,Technician_0121,South,Mid
122,Technician_0122,East,Mid
123,Technician_0123,North,Junior
124,Technician_0124,Central,Junior
125,Technician_0125,Central,Senior
126,Technician_0126,East,Mid
127,Technician_0127,South,Mid
128,Technician_0128,North,Mid
129,Technician_0129,North,Senior
130,Technician_0130,Central,Junior
131,Technician_0131,Central,Mid
132,Technician_0132,West,Senior
133,Technician_0133,Central,Mid
134,Technician_0134,South,Senior
135,Technician_0135,West,Mid
136,Technician_0136,East,Senior
137,Technician_0137,North,Mid
138,Technician_0138,South,Junior
139,Technician_0139,Central,Mid
140,Technician_0140,North,Senior
141,Technician_0141,Central,Senior
142,Technician_0142,Central,Mid
143,Technician_0143,Central,Senior
144,Technician_0144,South,Mid
145,Technician_0145,Central,Mid
146,Technician_0146,South,Mid
147,Technician_0147,West,Mid
148,Technician_0148,South,Mid
149,Technician_0149,South,Mid
150,Technician_0150,North,Senior
151,Technician_0151,West,Mid
152,Technician_0152,East,Junior
153,Technician_0153,West,Senior
154,Technician_0154,East,Junior
155,Technician_0155,Central,Junior
156,Technician_0156,West,Junior
157,Technician_0157,South,Mid
158,Technician_0158,East,Mid
159,Technician_0159,West,Mid
160,Technician_0160,Central,Mid
161,Technician_0161,South,Junior
162,Technician_0162,North,Junior
163,Technician_0163,North,Junior
164,Technician_0164,North,Mid
165,Technician_0165,Central,Mid
166,Technician_0166,North,Senior
167,Technician_0167,West,Senior
168,Technician_0168,East,Mid
169,Technician_0169,East,Senior
170,Technician_0170,South,Senior
171,Technician_0171,South,Senior
172,Technician_0172,East,Mid
173,Technician_0173,West,Mid
174,Technician_0174,East,Senior
175,Technician_0175,West,Junior
176,Technician_0176,West,Senior
177,Technician_0177,East,Mid
178,Technician_0178,West,Mid
179,Technician_0179,North,Senior
180,Technician_0180,West,Mid
181,Technician_0181,North,Mid
182,Technician_0182,East,Mid
183,Technician_0183,Central,Mid
184,Technician_0184,East,Junior
185,Technician_0185,Central,Junior
186,Technician_0186,East,Junior
187,Technician_0187,South,Junior
188,Technician_0188,North,Mid
189,Technician_0189,East,Mid
190,Technician_0190,South,Mid
191,Technician_0191,North,Mid
192,Technician_0192,East,Senior
193,Technician_0193,Central,Mid
194,Technician_0194,Central,Senior
195,Technician_0195,Central,Junior
196,Technician_0196,North,Senior
197,Technician_0197,Central,Mid
198,Technician_0198,Central,Mid
199,Technician_0199,West,Mid
200,Technician_0200,Central,Mid
201,Technician_0201,East,Junior
202,Technician_0202,East,Senior
203,Technician_0203,North,Junior
204,Technician_0204,West,Mid
205,Technician_0205,East,Mid
206,Technician_0206,West,Mid
207,Technician_0207,South,Mid
208,Technician_0208,North,Junior
209,Technician_0209,East,Mid
210,Technician_0210,South,Mid
211,Technician_0211,East,Mid
212,Technician_0212,South,Junior
213,Technician_0213,East,Junior
214,Technician_0214,North,Mid
215,Technician_0215,East,Senior
216,Technician_0216,South,Mid
217,Technician_0217,West,Mid
218,Technician_0218,East,Mid
219,Technician_0219,North,Mid
220,Technician_0220,South,Mid
221,Technician_0221,North,Junior
222,Technician_0222,East,Junior
223,Technician_0223,Central,Junior
224,Technician_0224,North,Junior
225,Technician_0225,West,Junior
226,Technician_0226,North,Junior
227,Technician_0227,East,Mid
228,Technician_0228,Central,Mid
229,Technician_0229,West,Junior
230,Technician_0230,South,Mid
231,Technician_0231,East,Mid
232,Technician_0232,North,Senior
233,Technician_0233,North,Mid
234,Technician_0234,North,Mid
235,Technician_0235,West,Senior
236,Technician_0236,East,Mid
237,Technician_0237,North,Mid
238,Technician_0238,East,Senior
239,Technician_0239,West,Junior
240,Technician_0240,West,Junior
241,Technician_0241,West,Mid
242,Technician_0242,West,Senior
243,Technician_0243,Central,Senior
244,Technician_0244,East,Mid
245,Technician_0245,South,Mid
246,Technician_0246,South,Senior
247,Technician_0247,West,Mid
248,Technician_0248,Central,Mid
249,Technician_0249,South,Senior
250,Technician_0250,West,Mid
