date_id,full_date,month,quarter,year,fiscal_year,is_holiday
1,2025-01-01,1,1,2025,2024-2025,0
2,2025-01-02,1,1,2025,2024-2025,0
3,2025-01-03,1,1,2025,2024-2025,0
4,2025-01-04,1,1,2025,2024-2025,0
5,2025-01-05,1,1,2025,2024-2025,1
6,2025-01-06,1,1,2025,2024-2025,0
7,2025-01-07,1,1,2025,2024-2025,0
8,2025-01-08,1,1,2025,2024-2025,0
9,2025-01-09,1,1,2025,2024-2025,0
10,2025-01-10,1,1,2025,2024-2025,0
11,2025-01-11,1,1,2025,2024-2025,0
12,2025-01-12,1,1,2025,2024-2025,1
13,2025-01-13,1,1,2025,2024-2025,0
14,2025-01-14,1,1,2025,2024-2025,0
15,2025-01-15,1,1,2025,2024-2025,0
16,2025-01-16,1,1,2025,2024-2025,0
17,2025-01-17,1,1,2025,2024-2025,0
18,2025-01-18,1,1,2025,2024-2025,0
19,2025-01-19,1,1,2025,2024-2025,1
20,2025-01-20,1,1,2025,2024-2025,0
21,2025-01-21,1,1,2025,2024-2025,0
22,2025-01-22,1,1,2025,2024-2025,0
23,2025-01-23,1,1,2025,2024-2025,0
24,2025-01-24,1,1,2025,2024-2025,0
25,2025-01-25,1,1,2025,2024-2025,0
26,2025-01-26,1,1,2025,2024-2025,1
27,2025-01-27,1,1,2025,2024-2025,0
28,2025-01-28,1,1,2025,2024-2025,0
29,2025-01-29,1,1,2025,2024-2025,0
30,2025-01-30,1,1,2025,2024-2025,0
31,2025-01-31,1,1,2025,2024-2025,0
32,2025-02-01,2,1,2025,2024-2025,0
33,2025-02-02,2,1,2025,2024-2025,1
34,2025-02-03,2,1,2025,2024-2025,0
35,2025-02-04,2,1,2025,2024-2025,0
36,2025-02-05,2,1,2025,2024-2025,0
37,2025-02-06,2,1,2025,2024-2025,0
38,2025-02-07,2,1,2025,2024-2025,0
39,2025-02-08,2,1,2025,2024-2025,0
40,2025-02-09,2,1,2025,2024-2025,1
41,2025-02-10,2,1,2025,2024-2025,0
42,2025-02-11,2,1,2025,2024-2025,0
43,2025-02-12,2,1,2025,2024-2025,0
44,2025-02-13,2,1,2025,2024-2025,0
45,2025-02-14,2,1,2025,2024-2025,0
46,2025-02-15,2,1,2025,2024-2025,0
47,2025-02-16,2,1,2025,2024-2025,1
48,2025-02-17,2,1,2025,2024-2025,0
49,2025-02-18,2,1,2025,2024-2025,0
50,2025-02-19,2,1,2025,2024-2025,0
51,2025-02-20,2,1,2025,2024-2025,0
52,2025-02-21,2,1,2025,2024-2025,0
53,2025-02-22,2,1,2025,2024-2025,0
54,2025-02-23,2,1,2025,2024-2025,1
55,2025-02-24,2,1,2025,2024-2025,0
56,2025-02-25,2,1,2025,2024-2025,0
57,2025-02-26,2,1,2025,2024-2025,0
58,2025-02-27,2,1,2025,2024-2025,0
59,2025-02-28,2,1,2025,2024-2025,0
60,2025-03-01,3,1,2025,2024-2025,0
61,2025-03-02,3,1,2025,2024-2025,1
62,2025-03-03,3,1,2025,2024-2025,0
63,2025-03-04,3,1,2025,2024-2025,0
64,2025-03-05,3,1,2025,2024-2025,0
65,2025-03-06,3,1,2025,2024-2025,0
66,2025-03-07,3,1,2025,2024-2025,0
67,2025-03-08,3,1,2025,2024-2025,0
68,2025-03-09,3,1,2025,2024-2025,1
69,2025-03-10,3,1,2025,2024-2025,0
70,2025-03-11,3,1,2025,2024-2025,0
71,2025-03-12,3,1,2025,2024-2025,0
72,2025-03-13,3,1,2025,2024-2025,0
73,2025-03-14,3,1,2025,2024-2025,0
74,2025-03-15,3,1,2025,2024-2025,0
75,2025-03-16,3,1,2025,2024-2025,1
76,2025-03-17,3,1,2025,2024-2025,0
77,2025-03-18,3,1,2025,2024-2025,0
78,2025-03-19,3,1,2025,2024-2025,0
79,2025-03-20,3,1,2025,2024-2025,0
80,2025-03-21,3,1,2025,2024-2025,0
81,2025-03-22,3,1,2025,2024-2025,0
82,2025-03-23,3,1,2025,2024-2025,1
83,2025-03-24,3,1,2025,2024-2025,0
84,2025-03-25,3,1,2025,2024-2025,0
85,2025-03-26,3,1,2025,2024-2025,0
86,2025-03-27,3,1,2025,2024-2025,0
87,2025-03-28,3,1,2025,2024-2025,0
88,2025-03-29,3,1,2025,2024-2025,0
89,2025-03-30,3,1,2025,2024-2025,1
90,2025-03-31,3,1,2025,2024-2025,0
91,2025-04-01,4,2,2025,2025-2026,0
92,2025-04-02,4,2,2025,2025-2026,0
93,2025-04-03,4,2,2025,2025-2026,0
94,2025-04-04,4,2,2025,2025-2026,0
95,2025-04-05,4,2,2025,2025-2026,0
96,2025-04-06,4,2,2025,2025-2026,1
97,2025-04-07,4,2,2025,2025-2026,0
98,2025-04-08,4,2,2025,2025-2026,0
99,2025-04-09,4,2,2025,2025-2026,0
100,2025-04-10,4,2,2025,2025-2026,0
101,2025-04-11,4,2,2025,2025-2026,0
102,2025-04-12,4,2,2025,2025-2026,0
103,2025-04-13,4,2,2025,2025-2026,1
104,2025-04-14,4,2,2025,2025-2026,0
105,2025-04-15,4,2,2025,2025-2026,0
106,2025-04-16,4,2,2025,2025-2026,0
107,2025-04-17,4,2,2025,2025-2026,0
108,2025-04-18,4,2,2025,2025-2026,0
109,2025-04-19,4,2,2025,2025-2026,0
110,2025-04-20,4,2,2025,2025-2026,1
111,2025-04-21,4,2,2025,2025-2026,0
112,2025-04-22,4,2,2025,2025-2026,0
113,2025-04-23,4,2,2025,2025-2026,0
114,2025-04-24,4,2,2025,2025-2026,0
115,2025-04-25,4,2,2025,2025-2026,0
116,2025-04-26,4,2,2025,2025-2026,0
117,2025-04-27,4,2,2025,2025-2026,1
118,2025-04-28,4,2,2025,2025-2026,0
119,2025-04-29,4,2,2025,2025-2026,0
120,2025-04-30,4,2,2025,2025-2026,0
121,2025-05-01,5,2,2025,2025-2026,0
122,2025-05-02,5,2,2025,2025-2026,0
123,2025-05-03,5,2,2025,2025-2026,0
124,2025-05-04,5,2,2025,2025-2026,1
125,2025-05-05,5,2,2025,2025-2026,0
126,2025-05-06,5,2,2025,2025-2026,0
127,2025-05-07,5,2,2025,2025-2026,0
128,2025-05-08,5,2,2025,2025-2026,0
129,2025-05-09,5,2,2025,2025-2026,0
130,2025-05-10,5,2,2025,2025-2026,0
131,2025-05-11,5,2,2025,2025-2026,1
132,2025-05-12,5,2,2025,2025-2026,0
133,2025-05-13,5,2,2025,2025-2026,0
134,2025-05-14,5,2,2025,2025-2026,0
135,2025-05-15,5,2,2025,2025-2026,0
136,2025-05-16,5,2,2025,2025-2026,0
137,2025-05-17,5,2,2025,2025-2026,0
138,2025-05-18,5,2,2025,2025-2026,1
139,2025-05-19,5,2,2025,2025-2026,0
140,2025-05-20,5,2,2025,2025-2026,0
141,2025-05-21,5,2,2025,2025-2026,0
142,2025-05-22,5,2,2025,2025-2026,0
143,2025-05-23,5,2,2025,2025-2026,0
144,2025-05-24,5,2,2025,2025-2026,0
145,2025-05-25,5,2,2025,2025-2026,1
146,2025-05-26,5,2,2025,2025-2026,0
147,2025-05-27,5,2,2025,2025-2026,0
148,2025-05-28,5,2,2025,2025-2026,0
149,2025-05-29,5,2,2025,2025-2026,0
150,2025-05-30,5,2,2025,2025-2026,0
151,2025-05-31,5,2,2025,2025-2026,0
152,2025-06-01,6,2,2025,2025-2026,1
153,2025-06-02,6,2,2025,2025-2026,0
154,2025-06-03,6,2,2025,2025-2026,0
155,2025-06-04,6,2,2025,2025-2026,0
156,2025-06-05,6,2,2025,2025-2026,0
157,2025-06-06,6,2,2025,2025-2026,0
158,2025-06-07,6,2,2025,2025-2026,0
159,2025-06-08,6,2,2025,2025-2026,1
160,2025-06-09,6,2,2025,2025-2026,0
161,2025-06-10,6,2,2025,2025-2026,0
162,2025-06-11,6,2,2025,2025-2026,0
163,2025-06-12,6,2,2025,2025-2026,0
164,2025-06-13,6,2,2025,2025-2026,0
165,2025-06-14,6,2,2025,2025-2026,0
166,2025-06-15,6,2,2025,2025-2026,1
167,2025-06-16,6,2,2025,2025-2026,0
168,2025-06-17,6,2,2025,2025-2026,0
169,2025-06-18,6,2,2025,2025-2026,0
170,2025-06-19,6,2,2025,2025-2026,0
171,2025-06-20,6,2,2025,2025-2026,0
172,2025-06-21,6,2,2025,2025-2026,0
173,2025-06-22,6,2,2025,2025-2026,1
174,2025-06-23,6,2,2025,2025-2026,0
175,2025-06-24,6,2,2025,2025-2026,0
176,2025-06-25,6,2,2025,2025-2026,0
177,2025-06-26,6,2,2025,2025-2026,0
178,2025-06-27,6,2,2025,2025-2026,0
179,2025-06-28,6,2,2025,2025-2026,0
180,2025-06-29,6,2,2025,2025-2026,1
181,2025-06-30,6,2,2025,2025-2026,0
182,2025-07-01,7,3,2025,2025-2026,0
183,2025-07-02,7,3,2025,2025-2026,0
184,2025-07-03,7,3,2025,2025-2026,0
185,2025-07-04,7,3,2025,2025-2026,0
186,2025-07-05,7,3,2025,2025-2026,0
187,2025-07-06,7,3,2025,2025-2026,1
188,2025-07-07,7,3,2025,2025-2026,0
189,2025-07-08,7,3,2025,2025-2026,0
190,2025-07-09,7,3,2025,2025-2026,0
191,2025-07-10,7,3,2025,2025-2026,0
192,2025-07-11,7,3,2025,2025-2026,0
193,2025-07-12,7,3,2025,2025-2026,0
194,2025-07-13,7,3,2025,2025-2026,1
195,2025-07-14,7,3,2025,2025-2026,0
196,2025-07-15,7,3,2025,2025-2026,0
197,2025-07-16,7,3,2025,2025-2026,0
198,2025-07-17,7,3,2025,2025-2026,0
199,2025-07-18,7,3,2025,2025-2026,0
200,2025-07-19,7,3,2025,2025-2026,0
201,2025-07-20,7,3,2025,2025-2026,1
202,2025-07-21,7,3,2025,2025-2026,0
203,2025-07-22,7,3,2025,2025-2026,0
204,2025-07-23,7,3,2025,2025-2026,0
205,2025-07-24,7,3,2025,2025-2026,0
206,2025-07-25,7,3,2025,2025-2026,0
207,2025-07-26,7,3,2025,2025-2026,0
208,2025-07-27,7,3,2025,2025-2026,1
209,2025-07-28,7,3,2025,2025-2026,0
210,2025-07-29,7,3,2025,2025-2026,0
211,2025-07-30,7,3,2025,2025-2026,0
212,2025-07-31,7,3,2025,2025-2026,0
213,2025-08-01,8,3,2025,2025-2026,0
214,2025-08-02,8,3,2025,2025-2026,0
215,2025-08-03,8,3,2025,2025-2026,1
216,2025-08-04,8,3,2025,2025-2026,0
217,2025-08-05,8,3,2025,2025-2026,0
218,2025-08-06,8,3,2025,2025-2026,0
219,2025-08-07,8,3,2025,2025-2026,0
220,2025-08-08,8,3,2025,2025-2026,0
221,2025-08-09,8,3,2025,2025-2026,0
222,2025-08-10,8,3,2025,2025-2026,1
223,2025-08-11,8,3,2025,2025-2026,0
224,2025-08-12,8,3,2025,2025-2026,0
225,2025-08-13,8,3,2025,2025-2026,0
226,2025-08-14,8,3,2025,2025-2026,0
227,2025-08-15,8,3,2025,2025-2026,0
228,2025-08-16,8,3,2025,2025-2026,0
229,2025-08-17,8,3,2025,2025-2026,1
230,2025-08-18,8,3,2025,2025-2026,0
231,2025-08-19,8,3,2025,2025-2026,0
232,2025-08-20,8,3,2025,2025-2026,0
233,2025-08-21,8,3,2025,2025-2026,0
234,2025-08-22,8,3,2025,2025-2026,0
235,2025-08-23,8,3,2025,2025-2026,0
236,2025-08-24,8,3,2025,2025-2026,1
237,2025-08-25,8,3,2025,2025-2026,0
238,2025-08-26,8,3,2025,2025-2026,0
239,2025-08-27,8,3,2025,2025-2026,0
240,2025-08-28,8,3,2025,2025-2026,0
241,2025-08-29,8,3,2025,2025-2026,0
242,2025-08-30,8,3,2025,2025-2026,0
243,2025-08-31,8,3,2025,2025-2026,1
244,2025-09-01,9,3,2025,2025-2026,0
245,2025-09-02,9,3,2025,2025-2026,0
246,2025-09-03,9,3,2025,2025-2026,0
247,2025-09-04,9,3,2025,2025-2026,0
248,2025-09-05,9,3,2025,2025-2026,0
249,2025-09-06,9,3,2025,2025-2026,0
250,2025-09-07,9,3,2025,2025-2026,1
251,2025-09-08,9,3,2025,2025-2026,0
252,2025-09-09,9,3,2025,2025-2026,0
253,2025-09-10,9,3,2025,2025-2026,0
254,2025-09-11,9,3,2025,2025-2026,0
255,2025-09-12,9,3,2025,2025-2026,0
256,2025-09-13,9,3,2025,2025-2026,0
257,2025-09-14,9,3,2025,2025-2026,1
258,2025-09-15,9,3,2025,2025-2026,0
259,2025-09-16,9,3,2025,2025-2026,0
260,2025-09-17,9,3,2025,2025-2026,0
261,2025-09-18,9,3,2025,2025-2026,0
262,2025-09-19,9,3,2025,2025-2026,0
263,2025-09-20,9,3,2025,2025-2026,0
264,2025-09-21,9,3,2025,2025-2026,1
265,2025-09-22,9,3,2025,2025-2026,0
266,2025-09-23,9,3,2025,2025-2026,0
267,2025-09-24,9,3,2025,2025-2026,0
268,2025-09-25,9,3,2025,2025-2026,0
269,2025-09-26,9,3,2025,2025-2026,0
270,2025-09-27,9,3,2025,2025-2026,0
271,2025-09-28,9,3,2025,2025-2026,1
272,2025-09-29,9,3,2025,2025-2026,0
273,2025-09-30,9,3,2025,2025-2026,0
274,2025-10-01,10,4,2025,2025-2026,0
275,2025-10-02,10,4,2025,2025-2026,0
276,2025-10-03,10,4,2025,2025-2026,0
277,2025-10-04,10,4,2025,2025-2026,0
278,2025-10-05,10,4,2025,2025-2026,1
279,2025-10-06,10,4,2025,2025-2026,0
280,2025-10-07,10,4,2025,2025-2026,0
281,2025-10-08,10,4,2025,2025-2026,0
282,2025-10-09,10,4,2025,2025-2026,0
283,2025-10-10,10,4,2025,2025-2026,0
284,2025-10-11,10,4,2025,2025-2026,0
285,2025-10-12,10,4,2025,2025-2026,1
286,2025-10-13,10,4,2025,2025-2026,0
287,2025-10-14,10,4,2025,2025-2026,0
288,2025-10-15,10,4,2025,2025-2026,0
289,2025-10-16,10,4,2025,2025-2026,0
290,2025-10-17,10,4,2025,2025-2026,0
291,2025-10-18,10,4,2025,2025-2026,0
292,2025-10-19,10,4,2025,2025-2026,1
293,2025-10-20,10,4,2025,2025-2026,0
294,2025-10-21,10,4,2025,2025-2026,0
295,2025-10-22,10,4,2025,2025-2026,0
296,2025-10-23,10,4,2025,2025-2026,0
297,2025-10-24,10,4,2025,2025-2026,0
298,2025-10-25,10,4,2025,2025-2026,0
299,2025-10-26,10,4,2025,2025-2026,1
300,2025-10-27,10,4,2025,2025-2026,0
301,2025-10-28,10,4,2025,2025-2026,0
302,2025-10-29,10,4,2025,2025-2026,0
303,2025-10-30,10,4,2025,2025-2026,0
304,2025-10-31,10,4,2025,2025-2026,0
305,2025-11-01,11,4,2025,2025-2026,0
306,2025-11-02,11,4,2025,2025-2026,1
307,2025-11-03,11,4,2025,2025-2026,0
308,2025-11-04,11,4,2025,2025-2026,0
309,2025-11-05,11,4,2025,2025-2026,0
310,2025-11-06,11,4,2025,2025-2026,0
311,2025-11-07,11,4,2025,2025-2026,0
312,2025-11-08,11,4,2025,2025-2026,0
313,2025-11-09,11,4,2025,2025-2026,1
314,2025-11-10,11,4,2025,2025-2026,0
315,2025-11-11,11,4,2025,2025-2026,0
316,2025-11-12,11,4,2025,2025-2026,0
317,2025-11-13,11,4,2025,2025-2026,0
318,2025-11-14,11,4,2025,2025-2026,0
319,2025-11-15,11,4,2025,2025-2026,0
320,2025-11-16,11,4,2025,2025-2026,1
321,2025-11-17,11,4,2025,2025-2026,0
322,2025-11-18,11,4,2025,2025-2026,0
323,2025-11-19,11,4,2025,2025-2026,0
324,2025-11-20,11,4,2025,2025-2026,0
325,2025-11-21,11,4,2025,2025-2026,0
326,2025-11-22,11,4,2025,2025-2026,0
327,2025-11-23,11,4,2025,2025-2026,1
328,2025-11-24,11,4,2025,2025-2026,0
329,2025-11-25,11,4,2025,2025-2026,0
330,2025-11-26,11,4,2025,2025-2026,0
331,2025-11-27,11,4,2025,2025-2026,0
332,2025-11-28,11,4,2025,2025-2026,0
333,2025-11-29,11,4,2025,2025-2026,0
334,2025-11-30,11,4,2025,2025-2026,1
335,2025-12-01,12,4,2025,2025-2026,0
336,2025-12-02,12,4,2025,2025-2026,0
337,2025-12-03,12,4,2025,2025-2026,0
338,2025-12-04,12,4,2025,2025-2026,0
339,2025-12-05,12,4,2025,2025-2026,0
340,2025-12-06,12,4,2025,2025-2026,0
341,2025-12-07,12,4,2025,2025-2026,1
342,2025-12-08,12,4,2025,2025-2026,0
343,2025-12-09,12,4,2025,2025-2026,0
344,2025-12-10,12,4,2025,2025-2026,0
345,2025-12-11,12,4,2025,2025-2026,0
346,2025-12-12,12,4,2025,2025-2026,0
347,2025-12-13,12,4,2025,2025-2026,0
348,2025-12-14,12,4,2025,2025-2026,1
349,2025-12-15,12,4,2025,2025-2026,0
350,2025-12-16,12,4,2025,2025-2026,0
351,2025-12-17,12,4,2025,2025-2026,0
352,2025-12-18,12,4,2025,2025-2026,0
353,2025-12-19,12,4,2025,2025-2026,0
354,2025-12-20,12,4,2025,2025-2026,0
355,2025-12-21,12,4,2025,2025-2026,1
356,2025-12-22,12,4,2025,2025-2026,0
357,2025-12-23,12,4,2025,2025-2026,0
358,2025-12-24,12,4,2025,2025-2026,0
359,2025-12-25,12,4,2025,2025-2026,0
360,2025-12-26,12,4,2025,2025-2026,0
361,2025-12-27,12,4,2025,2025-2026,0
362,2025-12-28,12,4,2025,2025-2026,1
363,2025-12-29,12,4,2025,2025-2026,0
364,2025-12-30,12,4,2025,2025-2026,0
365,2025-12-31,12,4,2025,2025-2026,0
